SEM_TRADING_SYMBOL,SEM_SMST_SECURITY_ID
ARE&M,100
EMAMIPAP,10074
FACT,1008
GODREJCP,10099
SCHAEFFLER,1011
ORICONENT,10159
SETFNIF50,10176
BALKRISHNA,10181
SHYAMCENT,10188
ADANIENSOL,10217
MANORAMA,10227
FEDERALBNK,1023
CONFIPET,10238
SYNGENE,10243
KAYA,10276
NGLFINE,10277
AYMSYNTEX,10285
PPL,10297
AARON,1030
RAMASTEEL,10300
AURUM,10310
PKTEA,10321
RADHIKAJWE,10343
DGCONTENT,10346
CSLFINANCE,10350
UNIVAFOODS,10366
FINCABLES,1038
JISLJALEQS,10397
SHAREINDIA,104
PREMIERPOL,10401
STEELCITY,10406
FINPIPE,1041
KSHITIJPOL,10412
MUTHOOTCAP,10415
DYCL,10417
AXISBNKETF,1044
LUPIN,10440
UNITDSPR,10447
SATIN,10453
ARVSMART,10457
POWERMECH,10473
RAMRAT,10485
MOHEALTH,10508
NIFTYBETA,10511
CONS,10512
SENSEXBETA,10515
UFLEX,1053
SHARDAMOTR,10530
NAVKARCORP,10557
RAMAPHO,10568
NIFTYBEES,10576
KRBL,10577
MPSLTD,10578
MARKSANS,10579
TCI,10580
MOM30IETF,10585
SHREEPUSHK,10588
GUJGASLTD,10599
BHARTIARTL,10604
LOYALTEX,10605
SADBHIN,10618
HDFCNEXT50,10619
HDFCNIF100,10633
ASAL,10634
OLECTRA,10637
PONNIERODE,10661
PNB,10666
MNC,10676
NIFTYQLITY,10690
MOMENTUM,10693
SURANAT&P,10700
TEAMGTY,10717
INFRAIETF,10723
INDIAMART,10726
FOSECOIND,1073
SPORTKING,10733
OFSS,10738
UNIONBANK,10753
APTECHT,10755
ZENSARTECH,1076
SILVERADD,10761
OAL,10768
NOIDATOLL,10786
NUCLEUS,10791
SYRMA,10793
CANBK,10794
MOQUALITY,10822
MOVALUE,10825
SEYAIND,10836
GABRIEL,1085
DREAMFOLKS,10859
GVPTECH,10865
GRMOVER,10871
HDFCSILVER,10876
DBOL,10895
GENESYS,10905
GODREJIND,10925
RADAAN,10932
JUNIORBEES,10939
DIVISLAB,10940
TMB,10945
STCINDIA,10948
RADICO,10990
INDORAMA,10993
MARUTI,10999
GARFIBRES,1100
LIQUIDBEES,11006
INFOBEAN,11027
SANGINITA,11033
BANKIETF,11037
DCMNVL,11039
SATIA,11045
SIRCA,11050
KSOLVES,11060
SECURKLOUD,11062
NATHBIOGEN,11065
AGRITECH,11072
GFSTEELS,11079
LIBAS,11082
DANGEE,1110
SUMIT,11141
CNL,11155
HARSHA,11162
COFFEEDAY,11165
IDFCFIRSTB,11184
AXISILVER,11193
INDIGO,11195
SHK,11212
VARDHACRLC,11220
UCOBANK,11223
BAGFILMS,11226
SUVEN,11233
JSL,11236
NSIL,11239
HDFCGROWTH,11241
WELSPUNLIV,11253
HDFCQUAL,11255
JAIBALAJI,11256
HDFCVALUE,11260
IGL,11262
TVSELECT,11265
GHCL,1127
DREDGECORP,11271
TVTODAY,11275
UPL,11287
GTECJAINX,1129
UNIENTER,11293
SIL,11297
LUXIND,11301
BALAXI,11314
LICNETFN50,11319
MUKANDLTD,11325
APOLLO,1134
AFFLE,11343
PETRONET,11351
PTC,11355
DHANBANK,11359
VAIBHAVGBL,11364
TTKHLTCARE,11369
BGLOBAL,11371
BIOCON,11373
TIPSFILMS,11374
MAHABANK,11377
PVTBANIETF,11386
GICHSGFIN,1139
ZOTA,11394
SALZERELEC,11399
POONAWALLA,11403
XPROINDIA,11407
RKFORGE,11411
GINNIFILA,1142
DATAMATICS,11423
NDTV,11427
SPANDANA,11435
BANKBEES,11439
KRITINUT,11440
LICNETFSEN,11441
PILANIINVS,11445
GIPCL,1145
CCL,11452
NV20,11457
EXCELINDUS,11471
KRIDHANINF,11480
LT,11483
APARINDS,11491
AMBICAAGAR,11496
CENTEXT,11511
NIITLTD,11522
GLAXO,1153
EMIL,11530
ULTRACEMCO,11532
TCS,11536
HDFCMOMENT,11538
COFORGE,11543
HDFCLOWVOL,11547
TEXINFRA,11549
DCI,11568
PPLPHARMA,11571
FORCEMOT,11573
WESTLIFE,11580
GULFPETRO,11581
TRACXN,11582
HDFCNIFTY,11591
HDFCSENSEX,11593
LINCOLN,11596
GUFICBIO,11606
ASTRAMICRO,11618
GOLDENTOBC,11619
WELENT,11626
NARMADA,11627
NTPC,11630
SALSTEEL,11637
NEWGEN,1164
BOHRAIND,11641
KOTARISUG,11647
LALPATHLAB,11654
JBMA,11655
DWARKESH,11667
INDOCO,11677
GMBREW,1168
SUPRAJIT,11689
PATELENG,11699
ALKEM,11703
XCHANGING,11705
JSWSTEEL,11723
CONSOFINVT,11732
GNFC,1174
JINDALPHOT,11743
JPPOWER,11763
GOKEX,11778
ACEINTEG,11779
EVEREADY,11782
GOYALALUM,11787
SAKSOFT,11794
HPIL,11796
ALLDIGI,11798
SUKHJITS,11804
IIFL,11809
GODFRYPHLP,1181
SHOPERSTOP,11813
MANGALAM,11820
WELCORP,11821
SSWL,11829
NH,11840
KENNAMET,11841
CYBERMEDIA,11842
AMBER,1185
SURYALAXMI,11852
SHAHALLOYS,11856
GLAND,1186
JKPAPER,11860
PRIMESECU,11864
63MOONS,11868
GRANULES,11872
JSWHL,11880
MANINDS,11884
VHL,11892
DCXINDIA,11895
GEOJITFSL,11896
FMGOETZE,1190
GENUSPOWER,11905
SWELECTES,11909
YESBANK,11915
MSPL,11919
NECLIFE,11927
FUSION,11932
SPLIL,11935
MCLEODRUSS,11944
MEDANTA,11956
KANSAINER,1196
SEMAC,11961
BIKAJI,11966
VIVIMEDLAB,11968
GOLDIAM,11971
RML,11975
HTMEDIA,11979
SASKEN,11983
ICIL,11987
SYNCOMF,11992
ESG,1200
FCSSOFT,12002
FAZE3Q,12006
IMPAL,12009
AEROENTER,12015
SUZLON,12018
AURIONPRO,12022
ACI,12024
RENUKA,12026
FIVESTAR,12032
BASML,12034
GOODYEAR,1205
SCPL,12081
KAYNES,12092
HDFCNIFIT,12101
HDFCPVTBAN,12108
DOLATALGO,12124
DELTAMAGNT,1214
BBTCL,12153
PRAXIS,1216
HNDFDS,12173
INOXGREEN,12188
RUSTOMJEE,12219
GRASIM,1232
GREAVESCOT,1235
ZIMLAB,12384
GSFC,1247
SWSOLAR,12489
VINNY,12490
CASTROLIND,1250
AAATECH,12533
FINIETF,12578
PRECAM,12603
OSIAHYPER,12643
GUJALKALI,1267
MBAPL,12686
AMBUJACEM,1270
TEAMLEASE,12716
DJML,12753
ROUTE,128
HYBRIDFIN,12809
11NSETEST,12841
G1NSETEST,12842
KRISHANA,12847
N1NSETEST,12848
V1NSETEST,12863
GFLLIMITED,1289
SARVESHWAR,12950
NPBET,12978
ABB,13
DHARMAJ,13001
SAFARI,13035
UNIPARTS,13057
NAGAFERT,13060
360ONE,13061
IIFLCAPS,13072
TRIVENI,13081
SILVER1,13082
AIAENG,13086
EKC,13091
VIMTALABS,13101
NAHARINDUS,13106
ORIENTCER,13111
QUICKHEAL,13116
KERNEX,13121
REPRO,13126
HARRMALAYA,1313
EBBETF0433,13139
GSEC10IETF,13143
PVRINOX,13147
GALAXYSURF,1315
CELEBRITY,13162
NITINSPIN,13175
ROHLTD,13182
RCOM,13188
ENIL,13192
GSPL,13197
COMMOIETF,13198
JAGRAN,13211
SULA,13218
GVKPIL,13229
SADBHAV,13240
SAKUMA,13255
KEC,13260
HCL-INSYS,1327
JKCEMENT,13270
INDOTECH,13275
LANDMARK,13276
MARINE,1328
M&MFIN,13285
AFSL,13288
BLKASHYAP,13290
VISASTEEL,13295
NITCO,13300
CENTURYPLY,13305
KEI,13310
ORTEL,13321
HDFCBANK,1333
SOLARINDS,13332
GALLANTT,13337
VAKRANGEE,13342
MALUPAPER,13352
KFINTECH,13359
HEG,1336
SGL,13367
UTTAMSUGAR,13376
SDBL,1338
KKCL,13381
BHAGERIA,13400
SUNTV,13404
GPIL,13409
RSYSTEMS,13414
EMKAY,13421
ELIN,13423
KELLTONTEC,13430
LOKESHMACH,13439
BALPHARMA,13441
RATNAMANI,13451
KAMDHENU,13457
PIONEEREMB,13463
HEROMOTOCO,1348
JKLAKSHMI,13491
PFOCUS,13496
ALLCARGO,13501
AKASH,13510
MUNJALAU,13511
EMAMILTD,13517
NECCLTD,13522
GMRAIRPORT,13528
VIDHIING,13536
TECHM,13538
AVONMORE,13557
GRINDWELL,13560
RAMANEWS,13565
MANUGRAPH,13572
VOLTAMP,13577
RADIANTCMS,13580
ATLANTAA,13585
ACE,13587
HGM,13592
ANTELOPUS,13598
ANDHRSUGAR,136
HIMATSEIDE,1360
IRCTC,13611
ANANTRAJ,13620
BILVYAPAR,13622
HINDALCO,1363
SKYGOLD,13631
JMFINANCIL,13637
ELECON,13643
BANKADD,13644
TALBROAUTO,13648
ALICON,13656
GEECEE,13658
MADHUCON,13668
NRL,13675
AERONEU,13689
INFOMEDIA,13693
VISHWARAJ,13703
FIEMIND,13710
HINDCOMPOS,1372
JHS,13723
DCBBANK,13725
INSPIRISYS,13734
GLOBALVECT,13735
SHYAMTEL,13741
GTLINFRA,13745
HCC,1375
FLUOROCHEM,13750
NAUKRI,13751
MANOMAY,13753
SHIVAMAUTO,13757
BBL,13761
VGL,13771
GESHIP,13776
TORNTPOWER,13786
BAIDFIN,13794
PARSVNATH,13795
MANALIPETC,13796
SUTLEJTEX,13801
GREENPANEL,13810
FEL,13812
LTFOODS,13816
KAMOPAINTS,13817
RUCHIRA,13821
SOBHA,13826
DONEAR,13839
MMFL,13844
CLCIND,13846
VENUSREM,13859
AARTIPHARM,13868
KUANTUM,13870
JINDRILL,13875
BANCOINDIA,13880
ARIHANT,13885
HIRECT,13890
CREST,13900
PLASTIBLEN,13920
NFL,13925
HINDUNILVR,1394
PRAENG,13941
LIQUID1,13950
PARACABLES,13951
HBLENGINE,13966
TANLA,13976
JASH,13982
ABSLBANETF,13987
ZEEMEDIA,14006
AVTNPL,14008
LUMAXTECH,14014
VEEDOL,14019
HINDOILEXP,1403
SARLAPOLY,14043
SANGHVIMOV,14058
HINDPETRO,1406
ASMS,14064
WANBURY,14067
SAGCEM,14068
IGPL,14086
SIYSIL,14096
PTL,14101
AUTOIND,14106
NETWORK18,14111
GANDHITUBE,14116
AGI,1412
OMAXAUTO,14125
PITTIENG,14134
SBGLP,14139
GLOBAL,1415
BTML,14150
UNOMINDA,14154
IZMO,14178
NSLNISP,14180
NINSYS,14197
TIMKEN,14198
HUBTOWN,14203
CTE,14222
TIIL,14223
HDFCBSE500,14230
HDFCSML250,14233
HDFCMID150,14236
HINDZINC,1424
TVSSRICHAK,14245
REDINGTON,14255
PGIL,14260
ORIENTBELL,14278
GOLDETF,14286
VIYASH,14296
PFC,14299
FSL,14304
OSWALSEEDS,14305
INDIANB,14309
TTL,14318
TFL,14319
SMSPHARMA,14329
HSCL,14334
GANESHHOU,14339
ORIENTALTL,14346
APOLLOPIPE,14361
IDEA,14366
POCL,14385
AMDIND,14398
GODREJAGRO,144
RAJTV,14403
PAGEIND,14413
ASTRAL,14418
SANOFI,1442
LAOPALA,14423
GOLDBEES,14428
JKTYRE,14435
NAHARSPING,14443
NAHARPOLY,14445
EMBDL,14450
LEXUS,14462
KIRLFER,14466
DIVGIITTS,14479
HLVLTD,1448
GOKULAGRO,14480
THEMISMED,14485
NCLIND,14490
BALAMINES,14501
BANSWRAS,14511
ABSLLIQUID,14518
ICRA,14523
GOLDBETA,14535
DISHTV,14540
NDLVENTURE,14547
BIRLANU,1455
PHOENIXLTD,14552
AROGRANITE,14557
ZENITHSTL,14562
BFUTILITIE,14567
SRHHYPOLTD,14582
PSUBNKIETF,14584
FORTIS,14592
ALPHAGEO,14597
GSLSU,14599
WEBELSOLAR,14602
TGBHOTELS,14607
CHEMBOND,14618
HILTON,14627
SANCO,14630
INSECTICID,14657
KMSUGAR,14667
JSWDULUX,1467
NAVINFLUOR,14672
GUJAPOLLO,14677
GOACARBON,14687
NAGREEKEXP,14702
TIMETECHNO,14707
HGS,14712
ACCURACY,1472
DLF,14732
AXSENSEX,14742
ADVANIHOTR,14745
011NSETEST,14747
021NSETEST,14751
031NSETEST,14753
041NSETEST,14755
WINSOME,14757
051NSETEST,14758
IDBI,1476
NELCAST,14761
061NSETEST,14762
071NSETEST,14764
V2RETAIL,14766
081NSETEST,14767
091NSETEST,14769
101NSETEST,14772
111NSETEST,14774
TARMAT,14775
121NSETEST,14777
131NSETEST,14778
141NSETEST,14781
151NSETEST,14782
161NSETEST,14784
LOWVOL,14786
SPARC,14788
SIGMAADV,14797
ADSL,14813
IFBAGRO,1482
WSI,14828
DECCANCE,14838
VIPCLOTHNG,14843
ALPA,14848
IFBIND,1485
OMAXE,14853
GOLD1,14858
REPL,1486
FLFL,14868
USK,14872
ASIANTILES,14889
AKI,14890
CENTRALBK,14894
SAHYADRI,14900
KDDL,14908
IFCI,1491
KPRMILL,14912
TAKE,14920
PURVA,14922
LAL,14924
CIEINDIA,14937
GSEC10YEAR,14938
RBA,1494
NAGREEKCAP,14943
MOTILALOFS,14947
INDOWIND,14956
MAGNUM,14961
CSBBANK,14966
SHIVAMILLS,1497
KSCL,14972
POWERGRID,14977
CENTUM,14982
CCCL,14992
SUPREMEINF,15002
MAANALU,15017
PSUBNKBEES,15032
BAJAJELEC,15034
CERA,15039
DELTACORP,15044
ENERGYDEV,15049
AVALON,15058
PSUBANK,15061
BLAL,15067
RELIGARE,15068
MOGSEC,1507
BVCL,15073
ASTERDM,1508
ADANIPORTS,15083
SILVERBETA,15085
EDELWEISS,15119
INDHOTEL,1512
SVLL,15121
KOLTEPATIL,15124
RGL,15129
KAUSHALYA,15136
COLPAL,15141
JYOTHYLAB,15146
INDIACEM,1515
MADHAV,15151
KALYANIFRG,15156
RHL,15157
HITECHCORP,15161
TARIL,15174
ECLERX,15179
KIRLPNU,15180
BRIGADE,15184
BGRENERGY,15193
MANAKSIA,15199
ARIES,15204
PPAP,15209
INDIAGLYCO,1521
DVL,15214
PATINTLOG,15219
UJJIVANSFB,15228
LICNFNHGP,15229
AMBIKCO,15234
BIRLAMONEY,15239
KAVDEFENCE,15248
CEATLTD,15254
RPOWER,15259
JKIL,15266
CORDSCABLE,15271
ONMOBILE,15278
KNRCON,15283
INDIANHUME,1530
BANG,15303
VIRINCHI,15304
SEPC,15308
IRB,15313
QGOLDHALF,15330
NMDC,15332
RAIN,15337
SHALPAINTS,15342
SADHNANIQ,15349
GSS,15351
RECLTD,15355
GOLDADD,15356
NAHARCAP,15360
VGUARD,15362
PDMJEPAPER,15377
MANKIND,15380
RACE,15396
EIHAHOTELS,15399
APCOTEXIND,154
ATAM,15404
NESCO,15409
TITAGARH,15414
DPSCLTD,15419
ACL,15420
RKEC,1547
HCG,15555
AVG,15589
ATALREAL,15649
RVHL,1565
APOLLOHOSP,157
GMMPFAUDLR,1570
PIGL,15716
GILLETTE,1576
TARC,1581
LATTEYS,15840
HINDWAREAP,15883
MGEL,1593
INFY,1594
INGERRAND,1597
PRINCEPIPE,16045
AURIGROW,1607
BHARATWIRE,16123
FAIRCHEMOR,1614
PAVNAIND,16201
TATAINVEST,1621
IOC,1624
CCAVENUE,16249
EBBETF0430,16253
LINDEINDIA,1627
BECTORFOOD,1628
APOLLOTYRE,163
IONEXCHANG,1630
IPCALAB,1633
PANACHE,16355
MMP,16395
ANDHRAPAP,166
ITC,1660
VAISHALI,16621
SUNDROP,1663
KIRIINDUS,16639
SIGMA,16658
ANIKINDS,16661
BAJAJ-AUTO,16669
BAJAJFINSV,16675
PTCIL,16682
DIGISPICE,16687
GHCLTEXTIL,16696
GOKUL,16705
UBL,16713
ALMONDZ,16719
HGINFRA,1672
RPGLIFE,16725
MKPL,16736
ITI,1675
SILVERAG,16777
GVT&D,16783
ARCHIDPLY,16795
LOTUSEYE,16807
IVP,1681
QNIFTY,16819
VINYLINDIA,16821
IKIO,16822
KOKUYOCMLN,16827
SINDHUTRAD,16859
LPDC,16867
SICAGEN,16875
DPWIRES,16900
TOUCHWOOD,16908
ARTEMISMED,16913
ZFCVINDIA,16915
20MICRONS,16921
JOCIL,16927
INDBANK,16933
ASHOKAMET,16943
ALKALI,16959
COUNCODOS,16986
TPHQ,16996
GATECHDVR,17
MAWANASUG,17026
PATANJALI,17029
THYROCARE,17032
SHARIABEES,17044
HMAAGRO,17053
PALREDTEC,17059
JAYBARMARU,1708
URAVIDEF,17081
CROMPTON,17094
SUMICHEM,17105
PARAGMILK,17130
IDEAFORGE,17140
AARTECH,17145
MIDCAPIETF,17152
NEXT50,17181
SHRIPISTON,17186
CYIENTDLM,17187
PAKKA,17197
JAYSREETEA,1720
ITADD,17207
ALBERTDAVD,17256
JBCHEPHARM,1726
ARMANFIN,17263
ASPINWALL,17270
SENCO,17271
SETFGOLD,17272
BLS,17279
AJMERA,17307
LLOYDSME,17313
MHRIL,17333
SALONA,17351
GKWLIMITED,17357
UTKARSHBNK,17358
VINATIORGA,17364
LANDSMILL,17376
ADANIPOWER,17388
SETF10GILT,17395
PREMEXPLN,17397
NHPC,17400
BANKETF,17419
GLOBUSSPR,17424
NETWEB,17433
OIL,17438
NV20IETF,17475
CONTROLPR,17477
EXPLEOSOL,17486
INCREDIBLE,17507
SETCO,17518
RTNPOWER,17520
MAHASTEEL,17531
MGL,17534
DAMODARIND,17541
AMRUTANJAN,17547
JINDALPOLY,1756
LIQUID,17572
PVTBANKADD,17576
ASALCBR,17598
MAHEPC,17603
SENSEXADD,17613
PSUBANKADD,17616
MOLDTECH,17625
ZYDUSWELL,17635
SUNTECK,17641
POKARNA,17651
UNIVPHOTO,17661
ALOKINDS,17675
GPTINFRA,17685
VIJIFIN,17695
LTGILTBEES,17700
MIDSELIETF,17702
QUESS,17704
DEN,17722
ASTEC,17728
BAFNAPH,17735
YATHARTH,17738
NIITMTS,17747
SHILPAMED,17752
SARDAEN,17758
REFEX,17764
GROBTEA,17770
ATL,17778
SOMICONVEY,17794
TREL,17795
LLOYDSENGG,17801
QUAL30IETF,17808
LTM,17818
KANPRPLA,1782
AHLUCONT,17833
GILLANDERS,17839
DLINKINDIA,17851
REDTAPE,17859
JSWENERGY,17869
GODREJPROP,17875
DBCORP,17881
GATECH,17888
ABBOTINDIA,17903
HDIL,17920
GEEKAYWIRE,17922
BAYERCROP,17927
BEARDSELL,17933
HINDCOPPER,17939
COHANCE,17945
MMTC,17957
NESTLEIND,17963
AWHCL,1797
SBICARD,17971
TRF,17987
UNITEDTEA,17999
WHIRLPOOL,18011
JYOTISTRUC,1802
VLEGOV,18021
SETUINFRA,18024
SBFC,18026
MBLINFRA,18033
ADVENZYMES,18039
MINDTECK,18049
KABRAEXTRU,1805
CONCORDBIO,18060
KAJARIACER,1808
DBL,18086
JUBLFOOD,18096
ARENTERP,181
NIFTY1,18102
VASCONEQ,18114
THANGAMAYL,18118
SRGHFL,18119
DBREALTY,18124
YASHO,18131
DOLPHIN,18139
KPIL,1814
EMMBI,18142
JIOFIN,18143
TVSSCS,18153
HATHWAY,18154
ORIENTLTD,18208
TEXMOPIPES,18214
KECL,18224
MANINFRA,18226
LORDSCHLO,18232
PYRAMID,18250
SPAL,18252
KAMATHOTEL,1826
AEROFLEX,18268
HDFCLIQUID,18279
HNGSNGBEES,18284
IVZINGOLD,18292
LGBBROSLTD,18321
VPRPL,18343
MIDCAPBETA,18347
KANORICHEM,1835
SANDUMA,18359
PERSISTENT,18365
NDGL,18371
KARURVYSYA,1838
RBLBANK,18391
TCPLPACK,184
KCP,1841
RISHABH,18417
ASIANHOTNR,18422
RATNAVEER,18423
BIGBLOC,18431
POWERINDIA,18457
ISFT,18479
SABEVENTS,18501
TVVISION,18504
CUPID,18520
DIACABS,18543
JLHL,18553
MITTAL,18562
LTTS,18564
RRKABEL,18566
GNA,18571
KIRLOSBROS,18581
KESORAMIND,1859
EMSLIMITED,18593
ZAGGLE,18608
SAMHI,18614
DIAMINESQ,18644
ICICIPRULI,18652
MARATHON,18659
HPL,18679
NUVAMA,18721
MASKINVEST,18731
SIGNATURE,18743
KALAMANDIR,18755
YATRA,18760
IDFNIFTYET,18783
CARYSIL,1879
ENDURANCE,18822
TARAPUR,18827
NIRAJISPAT,18844
VERTOZ,18863
MAZDA,18866
SJVN,18883
KSL,18889
PNBHOUSING,18908
VBL,18921
SUNDARAM,18931
KINGFA,18944
RAJRATAN,18962
KAPSTON,18967
UNIVASTU,18977
STYRENIX,19
CUMMINSIND,1901
MVGJL,19015
JSWINFRA,19020
KIRLOSIND,19025
PODDARMENT,19036
MANAPPURAM,19061
AARVI,19073
ITBEES,19084
SILLYMONKS,19097
ROLLT,19108
NBIFIN,19111
UDS,19113
KIOCL,19126
UMESLTD,19145
SFL,19184
KOPRAN,1919
TI,19196
HEADSUP,19205
HMVL,19211
KOTAKBANK,1922
VALIANTLAB,19220
TCIEXP,19223
SENSEXETF,19224
WEALTH,1923
AARTISURF,19233
LAURUSLABS,19234
IMFA,19235
MONIFTY500,19237
BLISSGVS,19265
LIQUIDETF,1927
THEJO,19279
EMAMIREAL,19281
MOM50,19289
TERASOFT,19292
ITDC,19299
ARVIND,193
HISARMETAL,19322
AHLWEST,19370
SPCENET,19372
BOROLTD,19401
ROSSARI,19410
AHLEAST,19438
SICALLOG,19440
CAPTRUST,19451
PLAZACABLE,19461
KSB,1949
SECMARK,19498
TICL,19501
IITL,19525
BAJAJCON,19531
HDFCGOLD,19543
BHANDARI,19556
UGARSUGAR,19578
BSE,19585
IRMENERGY,19597
PRAKASHSTL,19599
PRICOLLTD,19631
ITETF,19633
TRENT,1964
ALPHAETF,19640
MAXESTATES,19646
KALYANI,19653
COMPINFO,19670
CMICABLES,19676
ANSALAPI,19677
GOLDIETF,19679
BLUEJET,19686
JITFINFRA,19695
HMT,19698
LIQUIDSBI,19705
GPPL,19731
ADFFOODS,19761
MUFIN,19783
LMW,1979
CELLO,19795
WELINV,19800
HONASA,19813
AMNPLST,19867
LGHL,19876
ESAFSFB,19878
RADIOCITY,19881
MASFIN,199
DMART,19913
ORISSAMINE,19931
EGOLD,19933
KILITCH,19937
LIBERTSHOE,1994
DEEPAKNTR,19943
WAAREEINDO,19959
LICHSGFIN,1997
AHLADA,2004
HEALTHX,20063
INTENTECH,20071
INFRABEES,20072
CPCAP,20090
TASTYBITE,20092
UNIDT,201
GREENPOWER,20110
RAMKY,20134
ASKAUTOLTD,20152
ARIHANTSUP,20159
CANTABIL,20160
AKSHARCHEM,20178
LUMAXIND,2018
ASHOKA,20182
WABAG,20188
BEDMUTHA,20200
URJA,20203
JWL,20224
CLEDUCATE,20233
OBEROIRLTY,20242
ESILVER,20257
IREDA,20261
IRFC,2029
TATATECH,20293
SHAH,20296
ASHAPURMIN,203
PRESTIGE,20302
GANDHAR,20303
M&M,2031
NRAIL,20314
FEDFINA,20322
RESPONIND,20323
CGCL,20329
SHANKARA,20337
FLAIR,20372
COALINDIA,20374
IOLCP,20413
NACLIND,20425
RAMCOCEM,2043
APCL,20453
INDIGOPNTS,2048
WIPL,20481
CHENNPETRO,2049
PRUDMOULI,20527
BAJEL,20531
AXISGOLD,20532
GRAVITA,20534
BBNPPGOLD,20547
DOMS,20551
INDIASHLTR,20556
HOMEFIRST,2056
DOLLAR,20560
ASHIMASYN,206
INOXINDIA,20607
SUPERHOUSE,20616
PENIND,20621
JINDWORLD,20642
SCHAND,20698
VTL,2073
RPPINFRA,20760
JAMNAAUTO,20778
MOTISONS,20788
SUMEETINDS,20790
BHAGYANGR,20799
SURAJEST,20822
HUDCO,20825
MOIL,20830
MUTHOOTMF,20831
MAHSCOOTER,2085
ZEELEARN,20852
HAPPYFORGE,20854
RBZJEWEL,20874
PSPPROJECT,20877
MUFTI,20878
MAHSEAMLES,2088
AZAD,20905
A2ZINFRA,20910
KIRLOSENG,20936
RKDL,20950
SUNCLAY,20956
PSB,21001
FMNL,21017
MANGLMCEM,2106
INNOVACAP,21062
STOVEKRAFT,2107
SURANASOL,21077
STARCEMENT,21091
SHEKHAWATI,21099
BFINVEST,21113
KICL,21119
MARALOVER,2112
TEJASNET,21131
ERIS,21154
CDSL,21174
GTPL,21195
ASHOKLEY,212
AUBANK,21238
MASTEK,2124
DIGIDRIVE,21247
AXISNIFTY,21252
LOWVOLIETF,21254
SUMMITSEC,21275
DYNPRO,21314
JYOTICNC,21334
STEELXIND,21339
SALASAR,21362
PALASHSECU,21383
MAGADSUGAR,21392
GANGESSECU,21399
TATAGOLD,21401
AVADHSUGAR,21410
MFSL,2142
MOM100,21423
THEINVEST,21427
TATSILV,21428
BDL,2144
OPTIEMUS,21469
NEXT50BETA,21478
STEL,21484
SIS,21501
COCHINSHIP,21508
HALEOSLABS,21551
COMSYN,21578
ABCAPITAL,21614
APEX,21623
BRNL,21683
DIXON,21690
DCAL,21704
MEDIASSIST,21705
RAJMET,2171
LASA,21723
MATRIMONY,21726
CHOLAHLDNG,21740
EDUCOMP,21747
CAPACITE,21749
LIQUIDCASE,21750
AKG,2176
ICICIGI,21770
DAVANGERE,21794
SBILIFE,21808
BOSCHLTD,2181
TEXRAIL,21828
TSFINV,2183
DIAMONDYD,21840
GENCON,2188
HFCL,21951
INDTERRAIN,21957
NIFTYBETF,21959
BANKBETF,21986
ACC,22
IEX,220
MIRCELECTR,2202
DHUNINV,22233
EBBETF0431,22239
NDRAUTO,22255
WORTHPERI,22277
TIRUPATIFL,22284
MODIRUBBER,2229
ALPL30IETF,22344
MACPOWER,22347
MCL,22362
ITIETF,22365
MAXHEALTH,22377
MODTHREAD,2241
LOVABLE,22415
TOTAL,22423
MAXIND,22428
HDFCNIFBAN,22433
BANKBETA,22440
EPACK,22463
NOVAAGRI,22477
ITBETA,22488
GILT5BETA,22521
GILT10BETA,22524
BLSE,22566
MOREPENLAB,2259
HEALTHADD,22592
HDFCPSUBK,22595
PFS,22602
BANDHANBNK,2263
PARKHOTELS,22649
SIGNPOST,22656
JSFB,22663
RPTECH,22670
CAPITALSFB,22675
MOTOGENFIN,2268
ENTERO,22717
LICNMID100,22722
VSTL,22730
MON100,22739
IRISDOREME,2275
MRF,2277
JUNIPER,22824
MRPL,2283
SMALLCAP,22832
GPTHEALTH,22846
HLEGLAS,2289
GOLDCASE,22901
PLATIND,22930
MTNL,2294
EXICOM,22947
MUKKA,22980
HAL,2303
LANCORHOL,23030
RKSWAMY,23043
JGCHEM,23056
BESTAGRO,2306
GOPAL,23066
MUNJALSHOW,2307
SCILAL,23127
MURUDCERA,2313
PVSL,23142
HEIDELBERG,2316
KRYSTAL,23175
MOSMALL250,23181
MOREALTY,23184
NCC,2319
SMCGLOBAL,2320
CPSEETF,2328
JAYNECOIND,2331
AQYLON,23365
VHLTD,23386
SRM,23402
LIQUIDADD,23407
171NSETEST,23446
181NSETEST,23447
SINCLAIR,23480
BHARTIHEXA,23489
NURECA,2350
UEL,23507
TARACHAND,23512
AIIL,23553
GLOSTERLTD,23590
ASIANPAINT,236
BALUFORGE,23607
JNKINDIA,23621
MUTHOOTFIN,23650
FILATFASH,23651
INDGN,23693
AADHARHFC,23729
TBOTEK,23740
GODIGIT,23799
BSLGOLDETF,23804
ABSLPSE,23806
NAVNETEDUL,2385
MIDSMALL,23855
AWFIS,23864
NELCO,2388
LIQUIDBETF,23915
SANDHAR,2397
AAKASH,240
BOROSCI,24014
KRONOX,24025
NEULANDLAB,2406
IXIGO,24067
MID150CASE,24077
TOP100CASE,24081
SKIL,24107
BBNPNBETF,24117
RETAIL,24145
DEEDEV,24154
AFIL,24160
PIIND,24184
SYMPHONY,24190
VADILALIND,24196
NILKAMAL,2421
IVZINNIFTY,24217
RELAXO,24225
STANLEY,24226
OMINFRAL,24231
ESTER,24265
VSTTILLERS,24292
ABDL,24308
RAILTEL,2431
VRAJ,24321
NIRLON,2433
CONSUMBEES,2435
SBISILVER,24366
LIQUIDSHRI,24374
RELIABLE,24378
KARMAENG,24385
BANSALWIRE,24386
NKIND,2439
DELPHIFX,24391
EMCURE,24398
ASHIANA,24403
ABGSEC,24404
DHANUKA,24409
NOCIL,2442
AGIIL,24445
EVINDIA,24461
ADL,245
SBINEQWETF,24524
FILATEX,24532
OILIETF,24533
MAITHANALL,24538
CENTRUM,2454
SANSTAR,24582
RUSHIL,24595
RELTD,24596
AVANTEL,24610
MIDHANI,2463
AKUMS,24715
RUBFILA,24730
RPEL,24735
CEIGALL,24742
ONGC,2475
OLAELEC,24777
BSLNIFTY,24781
GROWWEV,24798
UNIECOM,24809
ONWARDTEC,2481
FIRSTCRY,24814
MANCREDIT,24823
GSEC10ABSL,24847
SUYOG,24851
SSDL,24856
METALIETF,24861
INVENTURE,24870
INTERARCH,24909
SILGO,2492
ELGIRUBCO,24924
ORIENTHOT,2493
GLOBALE,24934
MFML,24937
MODEFENCE,24944
LTF,24948
ORIENTPPR,2496
ORIENTTECH,24961
SURAJLTD,24966
WINDMACHIN,24969
IBULLSLTD,24999
ADANIENT,25
BODALCHEM,25017
GAYAPROJ,25027
PREMIERENE,25049
ECOSMOBLTY,25060
RAYMONDLSL,25073
MULTICAP,25080
TREEHOUSE,25086
ASAHISONG,25088
STYLEBAAZA,25114
BCLIND,2513
GALAPREC,25134
BROOKS,25140
RVTH,25157
EUREKAFORB,25162
TOP10ADD,25171
TDPOWERSYS,25178
BALAJEE,25203
SANOFICONR,25222
XTGLOBAL,25235
KROSS,25252
EBANKNIFTY,25258
TOLINS,25262
BAJAJHFL,25270
PNGJL,25312
APLLTD,25328
VASWANI,25340
PGHH,2535
PGEL,25358
PANAMAPET,25392
ARKADE,25398
WCIL,25403
NORTHARC,25426
GROWWLIQID,25447
PAISALO,25468
TIJARIA,25486
ONELIFECAP,25492
NIRAJ,255
INDOUS,25503
FLEXITUFF,25512
SHAKTIPUMP,25574
TRITURBINE,25584
MANBA,25597
MOMENTUM50,25606
INDOTHAI,25608
HUHTAMAKI,2562
UYFINCORP,25626
ESSARSHPNG,25634
LICMFGOLD,25640
KRN,25643
DIFFNKG,25672
JISLDVREQS,25684
DSSL,25690
POLYMED,25718
RUPA,25724
BANKPSU,25725
SRD,25737
METAL,25744
GROWWDEFNC,25758
VIKASECO,25760
APLAPOLLO,25780
KANANIIND,25786
GARUDA,25800
LLOYDSENT,25807
VINCOFE,25835
HYUNDAI,25844
VAL30IETF,25851
AFFORDABLE,25857
GROWWGOLD,25872
MORARJEE,25876
ANKITMETAL,25878
IMPEXFERRO,25881
MEP,25882
DBEIL,25892
MINDACORP,25897
WAAREEENER,25907
OCCLLTD,25918
GODAVARIB,25941
3PLAND,2595
AFCONS,25977
AMJLAND,2598
AVL,25984
EMULTIMQ,25996
LEMONTREE,2606
HERANBA,2614
SEAMECLTD,2616
IT,2627
ATUL,263
DIVOPPBEES,2636
PFIZER,2643
DRCSYSTEMS,2645
PCBL,2649
PIDILITIND,2664
POLYPLEX,2687
CHEMCON,270
HEXATRADEX,27008
ABINFRA,27020
TBZ,27037
MASTERTR,27047
PRAJIND,2705
SAGILITY,27052
ACMESOLAR,27061
SWIGGY,27066
VSSL,27067
LIQUIDPLUS,27075
KPEL,27079
PRAKASH,2708
KMEW,27084
MTARTECH,2709
SWANCORP,27095
NIVABUPA,27097
SPECIALITY,27107
BLACKBUCK,27144
BUTTERFLY,2716
CINELINE,27161
PRECWIRE,2717
RACLGEAR,27171
NTPCGREEN,27176
EIEL,27213
RTNINDIA,27297
SAMPANN,27303
SURAKSHA,27334
ROSSTECH,27353
PRSMJOHNSN,2739
AUROPHARMA,275
ODIGMA,27575
GICRE,277
INNOVANA,27754
AUTOAXLES,278
JUBLINGREA,2783
SAILIFE,27839
EASEMYTRIP,2792
RSWM,2794
VMM,27969
CHEMFAB,2799
MOBIKWIK,28046
RAJSREESUG,2809
IKS,28125
ARVEE,2814
RALLIS,2816
ANURAS,2829
ANUHPHR,28314
RANASUG,2837
IGIL,28378
LXCHEM,2841
RANEHOLDIN,2844
CRAFTSMAN,2854
RAYMOND,2859
SRPL,28635
RCF,2866
DAMCAPITAL,28662
HITECH,2868
MAMATA,28687
TRANSRAILL,28714
CEWATER,28764
SANATHAN,28805
VENTIVE,28847
RELIANCE,2885
PROZONER,28859
CARRARO,28879
SENORES,28888
KITEX,28899
MAYURUNIQ,28906
ROSSELLIND,28913
DUCON,28956
UNIMECH,28960
CONSUMER,28969
TVSHLTD,29008
ARSHIYA,29015
CEREBRAINT,29016
ECAPINSURE,29019
INDOFARM,29025
ZUARI,29050
SETL,29075
QUADFUTURE,29087
RICOAUTO,2909
DDEVPLSTIK,29098
CARERATING,29113
RIIL,2912
PCJEWELLER,29124
INDUSTOWER,29135
NAVKARURB,29146
SWANDEF,29164
LAXMIDENTL,29171
STALLION,29204
SITINET,29210
ONESOURCE,29224
ITCHOTELS,29251
DENTA,29256
VMART,29284
RUBYMILLS,2939
MOHITIND,29423
SUPREME,29439
AGARWALEYE,29452
MOSCHIP,29459
NEXT30ADD,29464
PROTEAN,29472
MCLOUD,29482
NIBE,29487
ORCHASP,29492
GROWWRAIL,29527
KALYANKJIL,2955
NIFTYIETF,29553
NIF100BEES,29577
NATCAPSUQ,29583
JUBLCPL,29590
REPCOHOME,29598
AJAXENGG,29624
SAIL,2963
HEXT,29666
BAJAJINDEF,29678
UNIONGOLD,29687
SAKHTISUG,2969
SURYODAY,2970
QPOWER,29711
ORIENTELEC,2972
GUJTHEM,29731
NIBL,29733
MSCIINDIA,29758
ORTINGLOBE,2980
NAZARA,2987
GROWWN200,29872
VIVIDHA,29877
SANDESH,2988
NIFTY100EW,29944
JUSTDIAL,29962
AONETOTAL,29975
BSE500IETF,3001
WONDERLA,3002
ATULAUTO,30023
SUVIDHAA,3005
MOCAPITAL,30065
ORIENTCEM,30089
KOHINOOR,3009
AXISTECETF,3010
GOLD360,30105
ABFRL,30108
SELECTIPO,30109
EQUAL200,30121
SAMMAANCAP,30125
PRABHA,30134
CASHIETF,30139
AXISVALUE,30155
SAURASHCEM,3018
CURAA,30191
SOTL,3021
JINDALSAW,3024
BHARATSE,30244
ISHANCH,30249
SILVERCASE,30274
SBIBPB,30290
ESSENTIA,30323
NIF100IETF,30392
SBIN,3045
SPECTRUM,30455
MID150,30469
AONELIQUID,30472
SCI,3048
FELDVR,30491
BAJAJHLDNG,305
NEUEON,30554
VEDL,3063
SESHAPAPER,3066
SHANTIGEAR,3078
BAJAJHIND,308
PILITA,30835
INDOSTAR,3088
SHREDIGCEM,3099
THOMASCOTT,31017
SHREECEM,3103
DBSTOCKBRO,31107
COMPUSOFT,31138
RHIM,31163
MCX,31181
TIINDIA,312
SCHNEIDER,31238
NDL,31258
SHREYANIND,3126
UFBL,3127
TRANSWORLD,3129
HONDAPOWER,3138
MTEDUCARE,31413
NBCC,31415
LYPSAGEMS,31468
ORBTEXP,31475
BORORENEW,3149
SIEMENS,3150
JPOLYINVST,31507
SIMPLEXINF,3162
BAJFINANCE,317
GILT5YBEES,3172
SREEL,31837
SKFINDIA,3186
LODHA,3220
JTEKTINDIA,3237
ANGELONE,324
NITIRAJ,3247
SPIC,3252
SRF,3273
TEMBO,3275
STARPAPER,3291
DEEPINDS,3292
VALIANTORG,330
MODISONLTD,3316
SPMLINFRA,3321
SUBROS,3324
SUDARSCHEM,3327
ISGEC,3329
SUNDARMFIN,3339
SUNDRMFAST,3345
SUNFLAG,3348
BALKRISIND,335
SUNPHARMA,3351
SUPERSPIN,3357
SUPREMEIND,3363
SURYAROSNI,3375
BALMLAWRIE,338
SWARAJENG,3384
SMLMAH,3387
AGARIND,3389
TAINWALCHM,3396
ADOR,34
AJOONI,3403
TATACHEM,3405
BALRAMCHIN,341
TATAELXSI,3411
HONAUT,3417
CAMS,342
TATAPOWER,3426
TATACONSUM,3432
BBOX,3435
TECILCHEM,3453
TMPV,3456
TFCILTD,3466
BANARBEADS,347
THERMAX,3475
THOMASCOOK,3481
CLSEL,3482
TIL,3484
TIRUMALCHM,3496
TATASTEEL,3499
BANARISUG,350
TITAN,3506
MAFANG,3507
TNPETRO,3509
TNTELE,3512
TORNTPHARM,3518
TRANSPEK,3531
TTKPRESTIG,3546
EQUIPPP,3553
ADANIGREEN,3563
NAM-INDIA,357
UCAL,3570
UNICHEMLAB,3579
MOKSH,3586
ROML,359
UNITECH,3594
UNIVCABLES,3607
AXISHCETF,3608
HEALTHIETF,3626
JUBLPHARMA,3637
SOLARA,3672
VESUVIUS,3676
BASF,368
GAYAHWS,3693
VINDHYATEL,3694
VIPIND,3703
BATAINDIA,371
VLSFINANCE,3715
VOLTAS,3718
TATACOMM,3721
VSTIND,3724
ANMOL,3727
WALCHANNAG,3736
FINEORG,3744
WEIZMANIND,3748
VENKEYS,3757
RITES,3761
WHEELS,3766
WILLAMAGOR,3772
WIMPLAST,3781
WIPRO,3787
WSTCSTPAPR,3799
BBTC,380
VINEETLAB,3809
SINTERCOM,381
ZEEL,3812
ARIHANTCAP,3813
ZODIACLOTH,3821
ZUARIIND,3827
BEL,383
BHARATRAS,3834
MAHLOG,385
VARROC,3857
SOMANYCERA,3880
HATSUN,3892
CAPLIPOINT,3906
NATCOPHARM,3918
GLOBE,393
BEML,395
GOCLCORP,3963
REMSONSIND,3965
TNPL,3980
GREENPLY,3987
NIACL,399
21STCENMGM,4
AEGISLOG,40
CORALFINAC,4007
PVP,4010
NAVA,4014
AUSOMENT,4037
BERGEPAINT,404
EIMCOELECO,4040
JAYAGROGN,4041
PANACEABIO,4055
CUBEXTUB,4064
MARICO,4067
SILINV,4105
HBSL,4118
REGENCERAM,4130
BIOFILCHEM,4136
KEYFINSERV,4157
NORBTEAEXP,4160
ZENITHEXPO,4176
SUNDRMBRAK,4179
SANGAMIND,4184
BEPL,419
SOMATEX,4201
MOTHERSON,4204
BHARATFORG,422
VISAKAIND,4221
ZFSTEERING,4229
WENDT,4235
HDFCAMC,4244
KHADIM,425
BHARATGEAR,426
DENORA,4279
STERTOOLS,4299
SHRIRAMFIN,4306
PUNJABCHEM,4344
IFGLEXPOR,436
SENSEXIETF,4378
BHEL,438
GULFOILLUB,4391
MIRZAINT,4394
JAGSNPHARM,4410
CREDITACC,4421
INDIANCARD,4422
HAWKINCOOK,4444
5PAISA,445
ELECTHERM,4469
ELPROINTL,4471
AARTIDRUGS,4481
ALKYLAMINE,4487
BOSCH-HCIL,4491
MPHASIS,4503
SIGIND,4522
DYNAMATECH,4525
NEXT50IETF,4529
GUJRAFFIA,4548
RUCHINFRA,4566
ATLASCYCLE,4568
RAMCOIND,4587
KOTHARIPET,4594
HERITGFOOD,4598
SANWARIA,46
SBCL,4656
BANKBARODA,4668
HDFCLIFE,467
BLUECHIP,4681
SONACOMS,4684
SHYAMMETL,4693
OSWALGREEN,471
GAIL,4717
SKMEGGPROD,4732
3MINDIA,474
BANKINDIA,4745
INDNIPPON,4747
CONCOR,4749
INDRAMEDCO,4751
TCIFINANCE,4771
LAKPRE,4774
RELINFRA,4791
HAPPSTMNDS,48
BIRLACORPN,480
KCPSUGIND,4809
GTL,4821
DODLA,4822
LIQUIDIETF,4838
SNOWMAN,4843
KIMS,4847
INDSWFTLAB,4870
ICEMAKE,489
SAREGAMA,4892
FDC,4898
ENGINERSIN,4907
MADRASFERT,4911
HINDCON,4924
IPL,4934
BLUEDART,495
ADROITINFO,4953
GANGAFORGE,4957
ICICIBANK,4963
PHARMABEES,4973
IRCON,4986
SHARDACROP,4992
SVPGLOB,5020
CLEAN,5049
GRINFRA,5054
SHEMAROO,5068
MAZDOCK,509
ETERNAL,5097
KPIGREEN,5108
SGIL,5114
BOMDYEING,513
CIGNITITEC,5142
JAICORPLTD,5143
TATVA,5162
SBIETFCON,5168
STYLAMIND,5186
KOVAI,5192
ANTGRAPHIC,5194
GRAUWEIL,5200
GMDCLTD,5204
ICICIB22,522
BFSI,5220
MAHAPEXLTD,5239
AAREYDRUGS,5248
INDUSINDBK,5258
BPCL,526
PDSL,5264
ALIVUS,5265
UTIAMC,527
ROLEXRINGS,5279
PRITIKAUTO,5292
BPL,530
FMCGIETF,5306
UGROCAP,5313
EXXARO,5352
PENINLAND,5358
KRSNAA,5359
OSWALAGRO,5362
WINDLAS,5366
DEVYANI,5373
ASAHIINDIA,5378
EPIGRAL,5382
AAVAS,5385
MOL,5394
NGIL,5401
CARTRADE,5407
NUVOCO,5426
TRIGYN,5428
APTUS,5435
CHEMPLASTS,5449
BRITANNIA,547
GRSE,5475
YUKEN,5501
SERVOTECH,5507
JAIPURKURT,5516
KOTHARIPRO,5528
ABMINTLLTD,5551
ACUTAAS,5578
VIJAYA,5585
BSL,559
INTLCONV,5606
ASTRAZEN,5610
GANESHBE,5614
CEMPRO,5622
PAR,5631
J&KBANK,5633
SHANTI,5650
ARCHIES,5688
CUB,5701
AXISCETF,5732
CYIENT,5748
SANSERA,5751
MASPTOP50,5782
LIKHITHA,579
CANFINHOME,583
BANKNIFTY1,5851
LAGNAM,5865
PRECOT,5884
AXISBANK,5900
PARAS,5911
GRAPHITE,592
INTELLECT,5926
MONTECARLO,5938
SOUTHBANK,5948
CARBORUNIV,595
BSLSENETFG,5957
COASTCORP,6006
ABSLAMC,6018
EIFFL,6040
PASUPTAC,6045
CYBERTECH,6051
LICNETFGSC,6062
ATGL,6066
AIROLAM,6068
GOODLUCK,6125
DIGJAMLMTD,6127
PANSARI,6141
ARTNIRMAN,6159
BHAGCHEM,6164
CENTENKA,619
FCL,6198
CAMLINFINE,6216
SIKKO,6218
DTIL,6227
3IINFOLTD,6232
PREMIER,6248
ABREL,625
RAJVIR,6259
SELMC,6262
MEDICAMEQ,6278
CESC,628
GULPOLY,6286
HEALTHY,6297
APOLSINHOT,6302
IGARASHI,634
NIFTYETF,6353
NATIONALUM,6364
CHAMBLFERT,637
CCHHL,6385
LAMBODHARA,6407
DNAMEDIA,641
KRITI,6420
MANORG,6422
TECHNOE,6445
CONSUMIETF,6446
TECH,6462
IRIS,6489
GRPLTD,6543
NYKAA,6545
LAXMICOT,6570
FINOPB,6579
SONATSOFTW,6596
GENUSPAPER,6600
EQUAL50ADD,6606
SJS,6643
POLICYBZR,6656
SIGACHI,6664
FOODSIN,6673
PAYTM,6705
IVC,6711
MOLDTKPAC,6713
SAPPHIRE,6718
JINDALSTEL,6733
EXIDEIND,676
NIPPOBATRY,6782
SBC,6792
STEELCAS,6803
BIRLACABLE,6815
LATENTVIEW,6818
FOCUS,6836
SMLT,6843
GREENLAM,6848
CHOLAFIN,685
DHRUV,6860
BAJAJHCARE,6863
VARDMNPOLY,6893
VISHNU,6908
RPPL,6913
CIPLA,694
TARSONS,6943
GANECOS,6944
LINC,6951
MENONBE,6961
GOCOLORS,6964
DMCC,6973
BSOFT,6994
AARTIIND,7
HEMIPROP,701
SHIVALIK,7016
DICIND,703
ASIANENE,7030
HESTERBIO,7048
ACCELYA,7053
MAHKTECH,7074
SHRADHA,708
STARHEALTH,7083
SEJALLTD,7094
TEGA,7105
JMA,7109
ZODIAC,7138
SHALBY,714
ANANDRATHI,7145
SUDARCOLOR,715
MICEL,7169
RATEGAIN,7177
BBETF0432,7196
SHRIRAMPPS,7200
JETFREIGHT,7211
SBIETFQLTY,7218
SBIETFPB,722
MAPMYINDIA,7227
HCLTECH,7229
METROBRAND,7242
LYKALABS,7248
MEDPLUS,7254
JTLIND,7287
DCMSRIND,7325
ABSLNN50ET,7339
SETFNN50,7353
DATAPATTNS,7358
SETFNIFBK,7361
STAR,7374
HPAL,7376
COROMANDEL,739
SUPRIYA,7390
SBIETFIT,740
GLENMARK,7406
NILASPACES,7411
ALPHA,7412
MANAKCOAT,7413
COSMOFIRST,742
MANAKALUCO,7420
MONQ50,7422
HECPROJECT,7425
NIFTYADD,7451
MIDQ50ADD,7456
MANAKSTEEL,7482
WOCKPHARMA,7506
ZENTEC,7508
TREJHARA,7518
LCCINFOTEC,7529
NRBBEARING,7553
EVIETF,755881
UNITEDPOLY,7560
CIFL,756015
TINNARUBR,756020
WAAREERTL,756038
GROWWMOM50,756086
SILVER360,756150
NPST,756324
KRISHIVAL,756782
OSWALPUMPS,756802
GROWWSLVR,756827
ABLBL,756843
ENRIN,756871
MON50EQUAL,756900
PRIMO,756925
CRISIL,757
THELEELA,757014
MOINFRA,757031
RAJOOENG,757049
AONENIFTY,757096
MOMGF,757099
BELRISE,757102
EQUAL50,757142
MONEXT50,757167
AEGISVOPAK,757336
MOPSE,757431
MOTOUR,757443
SNXT30BEES,757455
SCODATUBES,757478
DIGITIDE,757515
BLUSPRING,757520
TRAVELFOOD,757545
ARIS,757614
ATHERENERG,757645
FISCHER,757658
MOALPHA50,757669
LIQGRWBEES,757725
PICCADIL,757754
SAMBHV,757767
HDBFS,757772
TOP15IETF,757781
MOGOLD,757791
BRIGHOTEL,757794
IGCL,757801
GROWWNET,757814
MOMIDMTM,757817
RMDRIP,757834
INDIQUBE,757845
CRIZAC,757850
EBGNG,757862
ANTHEM,757885
BORANA,757919
BELLACASA,757938
QUALITY30,757946
EUROBOND,757953
PASHUPATI,757955
SMARTWORKS,757965
CHEMBONDCH,757989
SHANTIGOLD,758002
JSLL,758115
LOTUSDEV,758145
MBEL,758150
GROWWPOWER,758165
PROSTARM,758173
GROWWLOVOL,758300
ALLTIME,758448
MOSILVER,758457
JSWCEMENT,758460
SBILIQETF,758496
RAYMONDREL,758551
KALPATARU,758558
ELLEN,758563
GLOBECIVIL,758573
INTERNET,758595
MANUFGBEES,758667
EFCIL,758675
REGAAL,758680
GROWWNIFTY,758697
ARFIN,758700
LTGILTCASE,758705
MEIL,758750
SIMBHALS,758836
GENSOL,758842
SGFIN,758853
CPPLUS,758858
LAXMIINDIA,758863
SGMART,758889
AONEGOLD,758904
AMANTA,758909
CPEDU,758941
ELM250,758952
SML100CASE,758955
STLNETWORK,758958
AHCL,758968
VIKRAN,758973
RNBDENIMS,758984
GCSL,758986
SUPREMEENG,758997
ATLANTAELE,759007
GANESHCP,759012
IVALUE,759041
GKENERGY,759048
SAATVIKGL,759057
RHETAN,759062
DEVX,759079
URBANCO,759084
SHRINGARMS,759093
HILINFRA,759104
ABCOTS,759130
VMSTMT,759153
MWL,759169
TIGERLOGS,759176
AGSTRA,759202
DHARAN,759203
RHFL,759204
JKIPL,759206
TRUALT,759210
FINKURVE,759239
JAINREC,759244
EPACKPEB,759251
BMWVENTLTD,759256
TATACAP,759265
BLUESTONE,759291
NIFTYCASE,759302
CRAMC,759311
RUBICON,759316
PACEDIGITK,759342
SYSTMTXC,759355
FLEXIADD,759368
MONIFTY100,759371
MOENERGY,759374
MONEYBOXX,759381
SOLEX,759397
ADVANCE,759402
OMFREIGHT,759411
GROWWRLTY,759428
WEWORK,759434
PATELRMART,759439
SHREEJISPG,759448
VIKRAMSOLR,759453
GROWWNXT50,759458
GEMAROMA,759463
ELIQUID,759466
CANHLIFE,759477
MOMENTUM30,759488
MIDWESTLTD,759517
GROWWSC250,759522
PIRAMALFIN,759551
ORKLAINDIA,759569
STUDDS,759587
LENSKART,759605
CHOICEGOLD,759610
GROWWMC150,759719
PWL,759723
EMMVEE,759728
SHIVAUM,759749
MODIS,759752
ADVENTHTL,759769
ENERGY,759780
TMCV,759782
EUROPRATIK,759797
GROWW,759806
SMALL250,759814
PINELABS,759820
BETA,759842
SHILCTECH,759847
CAPILLARY,759867
UTLSOLAR,759876
TENNIND,759880
CHEMICAL,759885
MOIPO,759891
SOLARWORLD,759929
STYL,759934
JARO,759951
ARSSBL,759956
PAUSHAKLTD,759969
MSCIADD,759978
KSR,759989
AONETMMQ50,759992
ESENSEX,759995
ENIFTY,759998
CGPOWER,760
MOSERVICE,760001
EXCELSOFT,760007
SUDEEPPHRM,760039
GROWWCAPM,760051
MOMNC,760054
JAYKAY,760073
SKFINDUS,760101
GLOTTIS,760116
FABTECH,760125
GAUDIUMIVF,760179
CLEANMAX,760183
SRTL,760188
AONESILVER,760193
MARKOLINES,760204
LGEINDIA,760213
VIDYAWIRES,760224
MEESHO,760229
AEQUS,760234
PNGSREVA,760242
ABSL10BANK,760247
SHRENIK,760252
CORONA,760254
WAKEFIT,760259
MODINATUR,760277
CMSINFO,7603
LEMERITE,760300
GOLDBND,760325
SILVERBND,760328
NEPHROPLUS,760346
PARKHOSPS,760351
MIDCAPADD,760356
SMALLADD,760359
RUDRA,760401
ICICIAMC,760407
DIVIDEND,760412
TOP20,760415
KSHINTL,760433
GROWWMETAL,760438
RAJESHEXPO,760461
DIL,760462
TWCGOLDETF,760482
FCONSUMER,760500
BUILDPRO,760594
NEXT50ADD,760599
ADVAIT,760657
GROWWCHEM,760673
NEXT50ETF,760709
HALDER,760715
BHARATCOAL,760726
AMAGI,760740
OMNI,760865
GROWWHOSPI,760874
DSFCL,760891
DCMSIL,760898
KNAGRI,760923
KWIL,760946
FRACTAL,760961
GROWWPSE,760976
AYE,760981
HEALTHCARE,760986
GICL,761025
INFRA,761030
CEINSYS,761037
DEFENCE,761046
BONLON,761056
ABSLMSCIN,761066
SBIMIDMOM,761095
INA,761099
VITAL,761150
SEDEMAC,761153
KRISHNADEF,761192
GKSL,761197
ALGOQUANT,761270
AEPL,761333
KOTYARK,761335
BANK10ADD,761364
MARSONS,761386
SINGERIND,761420
RSL,761439
SHADOWFAX,761469
BCPL,761494
HSBCGOLD,761506
VALUE,761511
GROWWPSUBK,761514
INNOVISION,761528
CMPDI,761581
AMIRCHAND,761670
SAIPARENT,761675
POWERICA,761680
SAHLIBHFI,761688
MOBANK10,761693
NIMBSPROJ,761720
SBINMID150,761741
TCC,761814
AARNAV,761821
GSPCROP,762239
RMC,762347
OMPOWER,762432
3BBLACKBIO,762518
ABANSENT,762526
ABMKNO,762528
ACSTECH,762533
AKCAPIT,762538
AMBALALSA,762543
ASHIKA,762548
ASTAR,762553
AVAILFC,762558
BAJAJST,762563
BATLIBOI,762568
BEEKAY,762573
BENGALASM,762578
BI,762583
BIMETAL,762588
BIRLAPREC,762593
BLACKROSE,762598
BLIL,762603
BNAGROCHEM,762608
BNALTD,762613
BTTL,762618
COCKERILL,762623
COMFINTE,762628
DAICHI,762633
DECNGOLD,762638
DISAQ,762643
DRAGARWQ,762648
ELANTAS,762653
ELCIDIN,762658
ELITECON,762663
EMPOWER,762673
FEDDERSHOL,762675
FERMENTA,762680
FRONTSP,762685
GNRL,762690
GRANDOAK,762695
SHREERAMA,7627
GRAVISSHO,762700
HALDYNGL,762705
HBESD,762712
INDPRUD,762717
INVPRECQ,762722
IWP,762727
KAMAHOLD,762732
KANCHI,762740
KIRANVYPAR,762742
KLBRENG-B,762747
KOTIC,762752
KPL,762757
LAHOTIOV,762762
MADHAVIPL,762767
MAFATIND,762772
MAJESAUT,762777
MCCHRLS-B,762782
MENNPIS,762787
MERCANTILE,762792
METROGLOBL,762797
MMWL,762802
NATIONSTD,762807
NEAGI,762812
NILE,762817
NITTAGELA,762824
PIONRINV,762829
PML,762834
PRADPME,762839
PRAVEG,762844
PREMCO,762849
QUINT,762854
RAJPALAYAM,762859
RRIL,762864
RSDFIN,762869
SAPPL,762874
SAYAJIHOTL,762879
SCANSTL,762884
SEIL,762889
SHARDUL,762894
SHBAJRG,762899
SHINDL,762904
SHRIKRISH,762909
SIKA,762914
SONAL,762919
SURYALA,762924
TAALTECH,762929
TAMBOLIIN,762934
TECHNVISN,762939
THACKER,762944
THAKDEV,762949
TIMEX,762954
ULTRAMAR,762961
VELJAN,762966
WELSPLSOL,762971
WPIL,762978
ZSARACOM,762985
KISSHT,763294
GRADIENTE,763301
IMAGICAA,7672
MONARCH,7679
DABUR,772
ABAN,7759
KEEPLEARN,778
BCONCEPTS,7780
UNIINFO,7797
DALMIASUG,781
WEL,7835
NETF,7838
AUTOIETF,7844
BIL,7848
RAMCOSYS,7851
INOXWIND,7852
GVPIL,7866
AUTOBEES,7880
KREBSBIO,7885
MHLXMIRU,7886
ALEMBICLTD,79
LFIC,7902
ZYDUSLIFE,7929
BYKE,7930
AVANTIFEED,7936
SILVERIETF,7942
MALLCOM,7965
MAKEINDIA,7979
GRWRHITECH,7982
SILVER,8003
CINEVISTA,8024
SHIVATEX,804
DCM,805
MAHLIFE,8050
KTKBANK,8054
DALBHARAT,8075
MIDCAP,8077
SILVERBEES,8080
CROWN,8083
BSHSL,809
OILCOUNTUB,8109
DCMSHRIRAM,811
AWL,8110
RPSGVENT,8119
AJANTPHARM,8124
BLBLIMITED,8139
DEVIT,8146
MEGASTAR,8153
FIBERWEB,8162
SPENCERS,8163
MANYAVAR,8167
DCW,817
SAGARDEEP,8175
MOMOMENTUM,8182
PEARLPOLY,8188
SOFTTECH,8268
DEEPAKFERT,827
BANKA,828
PRITI,8310
BLUESTARCO,8311
GSEC5IETF,8342
CALSOFT,8400
GLFL,8412
MIDCAPETF,8413
HAVISHA,8417
RSSOFTWARE,8426
RAJRILTD,8428
VIPULLTD,8437
MITCON,8469
XELPMOC,8477
TVSMOTOR,8479
MID150BEES,8506
GATEWAY,8510
GMRP&UI,8529
CHALET,8546
BLUECOAST,8552
HITECHGEAR,8568
DHAMPURSUG,857
NLCINDIA,8585
AKSHOPTFBR,8595
MSUMI,8596
INDOBORAX,8614
LOWVOL1,8632
VETO,8652
MOLOWVOL,8654
MUKTAARTS,8687
VRLLOG,8696
DCMFINSERV,8704
SHAILY,8727
S&SPOWER,8733
PNBGILTS,8736
OBCL,8797
ASTRON,880
SONAMLTD,8806
DRREDDY,881
PRIVISCL,8825
AVROIND,8827
GAEL,8828
USHAMART,8840
BCG,8841
UMAEXPORTS,8845
CHOICEIN,8866
TNIDETF,8882
VERANDA,8890
E2E,8940
RITCO,8944
KAKATCEM,8945
ELDEHSG,8953
TTML,8954
HARDWYN,8962
HARIOMPIPE,8968
PARASPETRO,8975
UMIYA-MRO,8998
NOVARTIND,9007
ANUP,9014
KHAICHEM,902
VCL,9020
UFO,9039
AGROPHOS,9046
ROTO,9049
PIXTRANS,9087
EICHERMOT,910
ARVINDFASN,9111
INDOAMIN,9116
TIPSMUSIC,9117
EQUITASBNK,913
BALAJITELE,9158
EIDPARRY,916
SNXT50BETA,9168
EIHOTEL,919
TPLPLASTEH,9219
NILAINFRA,9253
ORCHPHARMA,926
ARROWGREEN,9260
ELECTCAST,928
KRITIKA,9288
STARTECK,9305
STLTECH,9309
PNC,9346
IOB,9348
TAJGVK,9354
MSTCLTD,9356
DPABHUSHAN,936
CAMPUS,9362
ELGIEQUIP,937
QUINTEGRA,9376
TRU,9378
IL&FSENGG,9380
IL&FSTRANS,9381
CREATIVEYE,9384
PNCINFRA,9385
PGHL,940
RAINBOW,9408
SILVERTUC,9422
SKIPPER,9428
AXISCADES,9436
LICI,9480
SAKAR,9539
ESABINDIA,955
RVNL,9552
PRUDENT,9553
AKSHAR,9558
MAHESHWARI,9576
ESCORTS,958
METROPOLIS,9581
KHAITANLTD,9582
POLYCAB,9590
VENUSPIPES,9592
DELHIVERY,9599
ICDSLTD,9610
SPLPETRO,9617
KHANDSE,9641
RELCHEMQ,9652
MEDICO,9667
HIKAL,9668
SUBEXLTD,967
SOUTHWEST,9678
KPITTECH,9683
TRIDENT,9685
TOKYOPLAST,9710
PARADEEP,9741
ETHOSLTD,9750
EMUDHRA,9756
EASTSILK,9769
EPL,981
AETHER,9810
HAVELLS,9819
SAMBHAAV,9829
NV20BEES,9847
WEWIN,9862
NEXTMEDIA,9867
GOLDTECH,9874
CHEVIOT,9879
SMARTLINK,9889
AIRAN,9897
AXITA,9902
NEOGEN,9917
ALANKIT,9921
EVERESTIND,993
VIKASLIFE,9933
ONEPOINT,9939
EUROTEXIND,999
